{"resourceType":"ValueSet","id":"data-read-roles-vs","text":{"status":"generated","div":"<div xmlns=\"http://www.w3.org/1999/xhtml\"><ul><li>Include all codes defined in <a href=\"CodeSystem-data-access-roles.html\"><code>http://ehealth.hl7.org/CodeSystem/data-access-roles</code></a></li></ul></div>"},"url":"http://example.com/fhir/example/ValueSet/data-read-roles-vs","version":"1.0.0","name":"DataReadRolesVS","title":"Data Read Value Set","status":"active","date":"2023-07-03T17:12:52+00:00","publisher":"My Organization","contact":[{"name":"My Organization","telecom":[{"system":"url","value":"http://example.com/committees"},{"system":"email","value":"my-group@example.com"}]},{"name":"Bob Smith","telecom":[{"system":"email","value":"bobsmith@example.com","use":"work"}]}],"description":"Data Read roles - the roles that are associated with authorization to consult the data","jurisdiction":[{"coding":[{"system":"http://unstats.un.org/unsd/methods/m49/m49.htm","code":"001","display":"World"}]}],"compose":{"include":[{"system":"http://ehealth.hl7.org/CodeSystem/data-access-roles"}]}}