<?xml version="1.0" encoding="UTF-8"?><CodeSystem xmlns="http://hl7.org/fhir"><id value="data-access-roles"/><text><status value="generated"/><div xmlns="http://www.w3.org/1999/xhtml"><p>This code system <code>http://ehealth.hl7.org/CodeSystem/data-access-roles</code> defines the following codes:</p><table class="codes"><tr><td style="white-space:nowrap"><b>Code</b></td><td><b>Display</b></td><td><b>Definition</b></td></tr><tr><td style="white-space:nowrap">patient<a name="data-access-roles-patient"> </a></td><td>Patient</td><td>A person receiving healthcare services</td></tr><tr><td style="white-space:nowrap">physician<a name="data-access-roles-physician"> </a></td><td>Physician</td><td>A medical doctor</td></tr><tr><td style="white-space:nowrap">nurse<a name="data-access-roles-nurse"> </a></td><td>Nurse</td><td>A healthcare professional responsible for patient care</td></tr><tr><td style="white-space:nowrap">psychiatric-nurse<a name="data-access-roles-psychiatric-nurse"> </a></td><td>Psychiatric Nurse</td><td>A nurse specialized in psychiatric care</td></tr><tr><td style="white-space:nowrap">practical-nurse<a name="data-access-roles-practical-nurse"> </a></td><td>Practical Nurse</td><td>A nurse responsible for practical patient care</td></tr><tr><td style="white-space:nowrap">midwife<a name="data-access-roles-midwife"> </a></td><td>Midwife</td><td>A healthcare professional specializing in childbirth</td></tr><tr><td style="white-space:nowrap">pharmacist-office<a name="data-access-roles-pharmacist-office"> </a></td><td>Pharmacist in Office</td><td>A pharmacist working in an office setting</td></tr><tr><td style="white-space:nowrap">pharmacist-hospital<a name="data-access-roles-pharmacist-hospital"> </a></td><td>Pharmacist in Hospital</td><td>A pharmacist working in a hospital setting</td></tr><tr><td style="white-space:nowrap">pharmacist-clinical-biologist<a name="data-access-roles-pharmacist-clinical-biologist"> </a></td><td>Pharmacist Clinical Biologist</td><td>A pharmacist specializing in clinical biology</td></tr><tr><td style="white-space:nowrap">dentist<a name="data-access-roles-dentist"> </a></td><td>Dentist</td><td>A healthcare professional specializing in dental care</td></tr><tr><td style="white-space:nowrap">physiotherapist<a name="data-access-roles-physiotherapist"> </a></td><td>Physiotherapist</td><td>A healthcare professional providing physical therapy</td></tr><tr><td style="white-space:nowrap">clinical-psychologist<a name="data-access-roles-clinical-psychologist"> </a></td><td>Clinical Psychologist</td><td>A psychologist providing clinical services</td></tr><tr><td style="white-space:nowrap">clinical-orthopedagogist<a name="data-access-roles-clinical-orthopedagogist"> </a></td><td>Clinical Orthopedagogist</td><td>A professional specializing in clinical orthopedagogy</td></tr><tr><td style="white-space:nowrap">pharmacist-technical-assistant<a name="data-access-roles-pharmacist-technical-assistant"> </a></td><td>Pharmacist Technical Assistant</td><td>An assistant to a pharmacist in technical roles</td></tr><tr><td style="white-space:nowrap">audiologist<a name="data-access-roles-audiologist"> </a></td><td>Audiologist</td><td>A healthcare professional specializing in hearing and balance disorders</td></tr><tr><td style="white-space:nowrap">audicien<a name="data-access-roles-audicien"> </a></td><td>Audicien</td><td>A professional specializing in hearing aids</td></tr><tr><td style="white-space:nowrap">truss-maker<a name="data-access-roles-truss-maker"> </a></td><td>Truss Maker</td><td>A specialist in manufacturing trusses</td></tr><tr><td style="white-space:nowrap">dietician<a name="data-access-roles-dietician"> </a></td><td>Dietician</td><td>A healthcare professional specializing in nutrition and dietetics</td></tr><tr><td style="white-space:nowrap">occupational-therapist<a name="data-access-roles-occupational-therapist"> </a></td><td>Occupational Therapist</td><td>A healthcare professional providing occupational therapy</td></tr><tr><td style="white-space:nowrap">lab-technologist<a name="data-access-roles-lab-technologist"> </a></td><td>Lab Technologist</td><td>A technologist working in a laboratory setting</td></tr><tr><td style="white-space:nowrap">logopedist<a name="data-access-roles-logopedist"> </a></td><td>Logopedist</td><td>A healthcare professional specializing in speech therapy</td></tr><tr><td style="white-space:nowrap">orthopedist<a name="data-access-roles-orthopedist"> </a></td><td>Orthopedist</td><td>A medical doctor specializing in orthopedic care</td></tr><tr><td style="white-space:nowrap">podologist<a name="data-access-roles-podologist"> </a></td><td>Podologist</td><td>A healthcare professional specializing in foot care</td></tr><tr><td style="white-space:nowrap">dental-hygienist<a name="data-access-roles-dental-hygienist"> </a></td><td>Dental Hygienist</td><td>A dental professional specializing in oral hygiene</td></tr><tr><td style="white-space:nowrap">imaging-technologist<a name="data-access-roles-imaging-technologist"> </a></td><td>Imaging Technologist</td><td>A technologist specializing in medical imaging</td></tr></table></div></text><url value="http://ehealth.hl7.org/CodeSystem/data-access-roles"/><version value="1.0.0"/><name value="DataAccessRoles"/><title value="Data Access Roles"/><status value="active"/><date value="2023-07-03T17:12:52+00:00"/><publisher value="My Organization"/><contact><name value="My Organization"/><telecom><system value="url"/><value value="http://example.com/committees"/></telecom><telecom><system value="email"/><value value="my-group@example.com"/></telecom></contact><contact><name value="Bob Smith"/><telecom><system value="email"/><value value="bobsmith@example.com"/><use value="work"/></telecom></contact><description value="Data Access roles - the roles that are associated with authorization to consult the data"/><jurisdiction><coding><system value="http://unstats.un.org/unsd/methods/m49/m49.htm"/><code value="001"/><display value="World"/></coding></jurisdiction><content value="complete"/><count value="25"/><concept><code value="patient"/><display value="Patient"/><definition value="A person receiving healthcare services"/></concept><concept><code value="physician"/><display value="Physician"/><definition value="A medical doctor"/></concept><concept><code value="nurse"/><display value="Nurse"/><definition value="A healthcare professional responsible for patient care"/></concept><concept><code value="psychiatric-nurse"/><display value="Psychiatric Nurse"/><definition value="A nurse specialized in psychiatric care"/></concept><concept><code value="practical-nurse"/><display value="Practical Nurse"/><definition value="A nurse responsible for practical patient care"/></concept><concept><code value="midwife"/><display value="Midwife"/><definition value="A healthcare professional specializing in childbirth"/></concept><concept><code value="pharmacist-office"/><display value="Pharmacist in Office"/><definition value="A pharmacist working in an office setting"/></concept><concept><code value="pharmacist-hospital"/><display value="Pharmacist in Hospital"/><definition value="A pharmacist working in a hospital setting"/></concept><concept><code value="pharmacist-clinical-biologist"/><display value="Pharmacist Clinical Biologist"/><definition value="A pharmacist specializing in clinical biology"/></concept><concept><code value="dentist"/><display value="Dentist"/><definition value="A healthcare professional specializing in dental care"/></concept><concept><code value="physiotherapist"/><display value="Physiotherapist"/><definition value="A healthcare professional providing physical therapy"/></concept><concept><code value="clinical-psychologist"/><display value="Clinical Psychologist"/><definition value="A psychologist providing clinical services"/></concept><concept><code value="clinical-orthopedagogist"/><display value="Clinical Orthopedagogist"/><definition value="A professional specializing in clinical orthopedagogy"/></concept><concept><code value="pharmacist-technical-assistant"/><display value="Pharmacist Technical Assistant"/><definition value="An assistant to a pharmacist in technical roles"/></concept><concept><code value="audiologist"/><display value="Audiologist"/><definition value="A healthcare professional specializing in hearing and balance disorders"/></concept><concept><code value="audicien"/><display value="Audicien"/><definition value="A professional specializing in hearing aids"/></concept><concept><code value="truss-maker"/><display value="Truss Maker"/><definition value="A specialist in manufacturing trusses"/></concept><concept><code value="dietician"/><display value="Dietician"/><definition value="A healthcare professional specializing in nutrition and dietetics"/></concept><concept><code value="occupational-therapist"/><display value="Occupational Therapist"/><definition value="A healthcare professional providing occupational therapy"/></concept><concept><code value="lab-technologist"/><display value="Lab Technologist"/><definition value="A technologist working in a laboratory setting"/></concept><concept><code value="logopedist"/><display value="Logopedist"/><definition value="A healthcare professional specializing in speech therapy"/></concept><concept><code value="orthopedist"/><display value="Orthopedist"/><definition value="A medical doctor specializing in orthopedic care"/></concept><concept><code value="podologist"/><display value="Podologist"/><definition value="A healthcare professional specializing in foot care"/></concept><concept><code value="dental-hygienist"/><display value="Dental Hygienist"/><definition value="A dental professional specializing in oral hygiene"/></concept><concept><code value="imaging-technologist"/><display value="Imaging Technologist"/><definition value="A technologist specializing in medical imaging"/></concept></CodeSystem>